,,,,,,
Arena Matchings,,,,,,
,,,,,,
game_version,end_time,date,character,card_title,wins,player_id
5.0.0.12574,1:52 PM,4/27/2016,Mage,Master Jouster,3,1
5.0.0.12574,1:52 PM,4/27/2016,Mage,Demolisher,3,1
5.0.0.12574,1:52 PM,4/27/2016,Mage,Bog Creeper,3,1
5.0.0.12574,1:52 PM,4/27/2016,Mage,Lance Carrier,3,1
5.0.0.12574,1:52 PM,4/27/2016,Mage,Sen'jin Shieldmasta,3,1
5.0.0.12574,1:52 PM,4/27/2016,Mage,Anubisath Sentinel,3,1
5.0.0.12574,1:52 PM,4/27/2016,Mage,Flying Machine,3,1
5.0.0.12574,1:52 PM,4/27/2016,Mage,Twisted Worgen,3,1
5.0.0.12574,1:52 PM,4/27/2016,Mage,Jungle Panther,3,1
5.0.0.12574,1:52 PM,4/27/2016,Mage,Nerubian Egg,3,1
5.0.0.12574,1:52 PM,4/27/2016,Mage,Bilefin Tidehunter,3,1
5.0.0.12574,1:52 PM,4/27/2016,Mage,Troggzor the Earthinator,3,1
5.0.0.12574,1:52 PM,4/27/2016,Mage,Arcane Missiles,3,1
5.0.0.12574,1:52 PM,4/27/2016,Mage,Chillwind Yeti,3,1
5.0.0.12574,1:52 PM,4/27/2016,Mage,Tauren Warrior,3,1
5.0.0.12574,1:52 PM,4/27/2016,Mage,Infested Tauren,3,1
5.0.0.12574,1:52 PM,4/27/2016,Mage,Mirror Entity,3,1
5.0.0.12574,1:52 PM,4/27/2016,Mage,Bilefin Tidehunter,3,1
5.0.0.12574,1:52 PM,4/27/2016,Mage,Flame Lance,3,1
5.0.0.12574,1:52 PM,4/27/2016,Mage,Gadgetzan Auctioneer,3,1
5.0.0.12574,1:52 PM,4/27/2016,Mage,Evil Heckler,3,1
5.0.0.12574,1:52 PM,4/27/2016,Mage,Salty Dog,3,1
5.0.0.12574,1:52 PM,4/27/2016,Mage,Amani Berserker,3,1
5.0.0.12574,1:52 PM,4/27/2016,Mage,Silver Hand Regent,3,1
5.0.0.12574,1:52 PM,4/27/2016,Mage,Cone of Cold,3,1
5.0.0.12574,1:52 PM,4/27/2016,Mage,River Crocolisk,3,1
5.0.0.12574,1:52 PM,4/27/2016,Mage,Argent Squire,3,1
5.0.0.12574,1:52 PM,4/27/2016,Mage,Mad Scientist,3,1
5.0.0.12574,1:52 PM,4/27/2016,Mage,Aberrant Berserker,3,1
5.0.0.12574,1:52 PM,4/27/2016,Mage,Emperor Cobra,3,1
5.0.0.12574,6:00 AM,4/28/2016,Mage,Cogmaster,4,1
5.0.0.12574,6:00 AM,4/28/2016,Mage,Frostbolt,4,1
5.0.0.12574,6:00 AM,4/28/2016,Mage,Frostbolt,4,1
5.0.0.12574,6:00 AM,4/28/2016,Mage,Explosive Sheep,4,1
5.0.0.12574,6:00 AM,4/28/2016,Mage,Faerie Dragon,4,1
5.0.0.12574,6:00 AM,4/28/2016,Mage,Mad Bomber,4,1
5.0.0.12574,6:00 AM,4/28/2016,Mage,Snowchugger,4,1
5.0.0.12574,6:00 AM,4/28/2016,Mage,Snowchugger,4,1
5.0.0.12574,6:00 AM,4/28/2016,Mage,Ice Block,4,1
5.0.0.12574,6:00 AM,4/28/2016,Mage,Polymorph: Boar,4,1
5.0.0.12574,6:00 AM,4/28/2016,Mage,Earthen Ring Farseer,4,1
5.0.0.12574,6:00 AM,4/28/2016,Mage,Harvest Golum,4,1
5.0.0.12574,6:00 AM,4/28/2016,Mage,Kirin Tor Mage,4,1
5.0.0.12574,6:00 AM,4/28/2016,Mage,Silver Hand Regent,4,1
5.0.0.12574,6:00 AM,4/28/2016,Mage,Echo of Medivh,4,1
5.0.0.12574,6:00 AM,4/28/2016,Mage,Burly Rockjaw Trogg,4,1
5.0.0.12574,6:00 AM,4/28/2016,Mage,Midnight Drake,4,1
5.0.0.12574,6:00 AM,4/28/2016,Mage,Water Elementatal,4,1
5.0.0.12574,6:00 AM,4/28/2016,Mage,Water Elementatal,4,1
5.0.0.12574,6:00 AM,4/28/2016,Mage,Corrupted Healbot,4,1
5.0.0.12574,6:00 AM,4/28/2016,Mage,Gurubashi Berserker,4,1
5.0.0.12574,6:00 AM,4/28/2016,Mage,Gurubashi Berserker,4,1
5.0.0.12574,6:00 AM,4/28/2016,Mage,Pit Fighter,4,1
5.0.0.12574,6:00 AM,4/28/2016,Mage,Psych-o-Tron,4,1
5.0.0.12574,6:00 AM,4/28/2016,Mage,Servant of Yogg-Saron,4,1
5.0.0.12574,6:00 AM,4/28/2016,Mage,Corrupted Seer,4,1
5.0.0.12574,6:00 AM,4/28/2016,Mage,Drakonid Crusher,4,1
5.0.0.12574,6:00 AM,4/28/2016,Mage,Faceless Summoner,4,1
5.0.0.12574,6:00 AM,4/28/2016,Mage,North Sea Kraken,4,1
5.0.0.12574,6:00 AM,4/28/2016,Mage,Faceless Behemoth,4,1
5.0.0.12574,12:15 PM,5/1/2016,Shaman,Ancestral Healing,4,1
5.0.0.12574,12:15 PM,5/1/2016,Shaman,Evolve,4,1
5.0.0.12574,12:15 PM,5/1/2016,Shaman,Clockwork Gnome,4,1
5.0.0.12574,12:15 PM,5/1/2016,Shaman,Clockwork Gnome,4,1
5.0.0.12574,12:15 PM,5/1/2016,Shaman,Worgen Infiltrator,4,1
5.0.0.12574,12:15 PM,5/1/2016,Shaman,Stormforged Axe,4,1
5.0.0.12574,12:15 PM,5/1/2016,Shaman,Crackle,4,1
5.0.0.12574,12:15 PM,5/1/2016,Shaman,Crackle,4,1
5.0.0.12574,12:15 PM,5/1/2016,Shaman,Amani Berserker,4,1
5.0.0.12574,12:15 PM,5/1/2016,Shaman,Eternal Sentinel,4,1
5.0.0.12574,12:15 PM,5/1/2016,Shaman,Flametongue Totem,4,1
5.0.0.12574,12:15 PM,5/1/2016,Shaman,Mechwarper,4,1
5.0.0.12574,12:15 PM,5/1/2016,Shaman,Whirling Zap-o-matic,4,1
5.0.0.12574,12:15 PM,5/1/2016,Shaman,Powermace,4,1
5.0.0.12574,12:15 PM,5/1/2016,Shaman,Powermace,4,1
5.0.0.12574,12:15 PM,5/1/2016,Shaman,Hex,4,1
5.0.0.12574,12:15 PM,5/1/2016,Shaman,Ironbeak Owl,4,1
5.0.0.12574,12:15 PM,5/1/2016,Shaman,Ironfur Grizzly,4,1
5.0.0.12574,12:15 PM,5/1/2016,Shaman,Tuskarr Totemic,4,1
5.0.0.12574,12:15 PM,5/1/2016,Shaman,Unbound Elemental,4,1
5.0.0.12574,12:15 PM,5/1/2016,Shaman,Crowd Favorite,4,1
5.0.0.12574,12:15 PM,5/1/2016,Shaman,Mechanical Yeti,4,1
5.0.0.12574,12:15 PM,5/1/2016,Shaman,Piloted Shredder,4,1
5.0.0.12574,12:15 PM,5/1/2016,Shaman,Windspeaker,4,1
5.0.0.12574,12:15 PM,5/1/2016,Shaman,Clockwork Knight,4,1
5.0.0.12574,12:15 PM,5/1/2016,Shaman,Kvaldir Raider,4,1
5.0.0.12574,12:15 PM,5/1/2016,Shaman,Salty Dog,4,1
5.0.0.12574,12:15 PM,5/1/2016,Shaman,Spectral Knight,4,1
5.0.0.12574,12:15 PM,5/1/2016,Shaman,Captured Jormunger,4,1
5.0.0.12574,12:15 PM,5/1/2016,Shaman,Faceless Behemoth,4,1
5.0.0.12574,8:33 PM,5/2/2016,Shaman,Ancestral Healing,4,1
5.0.0.12574,8:33 PM,5/2/2016,Shaman,Rockbiter Weapon,4,1
5.0.0.12574,8:33 PM,5/2/2016,Shaman,Murloc Raider,4,1
5.0.0.12574,8:33 PM,5/2/2016,Shaman,Windfury,4,1
5.0.0.12574,8:33 PM,5/2/2016,Shaman,Faerie Dragon,4,1
5.0.0.12574,8:33 PM,5/2/2016,Shaman,Flametongue Totem,4,1
5.0.0.12574,8:33 PM,5/2/2016,Shaman,Haunted Creeper,4,1
5.0.0.12574,8:33 PM,5/2/2016,Shaman,Novice Engineer,4,1
5.0.0.12574,8:33 PM,5/2/2016,Shaman,Totem Golem,4,1
5.0.0.12574,8:33 PM,5/2/2016,Shaman,Youthful Brewmaster,4,1
5.0.0.12574,8:33 PM,5/2/2016,Shaman,Feral Spirit,4,1
5.0.0.12574,8:33 PM,5/2/2016,Shaman,Hex,4,1
5.0.0.12574,8:33 PM,5/2/2016,Shaman,Shattered Sun Cleric,4,1
5.0.0.12574,8:33 PM,5/2/2016,Shaman,Tuskarr Totemic,4,1
5.0.0.12574,8:33 PM,5/2/2016,Shaman,Burly Rockjaw Trogg,4,1
5.0.0.12574,8:33 PM,5/2/2016,Shaman,Chillwind Yeti,4,1
5.0.0.12574,8:33 PM,5/2/2016,Shaman,Dark Iron Dwarf,4,1
5.0.0.12574,8:33 PM,5/2/2016,Shaman,Kezan Mystic,4,1
5.0.0.12574,8:33 PM,5/2/2016,Shaman,Lost Tallstrider,4,1
5.0.0.12574,8:33 PM,5/2/2016,Shaman,Piloted Shredder,4,1
5.0.0.12574,8:33 PM,5/2/2016,Shaman,Piloted Shredder,4,1
5.0.0.12574,8:33 PM,5/2/2016,Shaman,Windspeaker,4,1
5.0.0.12574,8:33 PM,5/2/2016,Shaman,Psych-o-Tron,4,1
5.0.0.12574,8:33 PM,5/2/2016,Shaman,Master Jouster,4,1
5.0.0.12574,8:33 PM,5/2/2016,Shaman,Piloted Sky Golem,4,1
5.0.0.12574,8:33 PM,5/2/2016,Shaman,Captured Jormunger,4,1
5.0.0.12574,8:33 PM,5/2/2016,Shaman,Grotesque Dragonhawk,4,1
5.0.0.12574,8:33 PM,5/2/2016,Shaman,Stormwind Champion,4,1
5.0.0.12574,8:33 PM,5/2/2016,Shaman,The Boogeymonster,4,1
5.0.0.12574,8:33 PM,5/2/2016,Shaman,North Sea Kraken,4,1
5.0.0.12574,7:25 PM,5/3/2016,Warlock,Sacrificial Pact,7,1
5.0.0.12574,7:25 PM,5/3/2016,Warlock,Power Overwhelming,7,1
5.0.0.12574,7:25 PM,5/3/2016,Warlock,Blood Imp,7,1
5.0.0.12574,7:25 PM,5/3/2016,Warlock,Zealous Initiate,7,1
5.0.0.12574,7:25 PM,5/3/2016,Warlock,Amani Berserker,7,1
5.0.0.12574,7:25 PM,5/3/2016,Warlock,Dark Peddler,7,1
5.0.0.12574,7:25 PM,5/3/2016,Warlock,Dark Peddler,7,1
5.0.0.12574,7:25 PM,5/3/2016,Warlock,Micro Machine,7,1
5.0.0.12574,7:25 PM,5/3/2016,Warlock,Puddlestomper,7,1
5.0.0.12574,7:25 PM,5/3/2016,Warlock,Ship's Cannon,7,1
5.0.0.12574,7:25 PM,5/3/2016,Warlock,Spreading Madness,7,1
5.0.0.12574,7:25 PM,5/3/2016,Warlock,Darkshire Councilman,7,1
5.0.0.12574,7:25 PM,5/3/2016,Warlock,Imp Gang Boss,7,1
5.0.0.12574,7:25 PM,5/3/2016,Warlock,Void Terror,7,1
5.0.0.12574,7:25 PM,5/3/2016,Warlock,Imp-losion,7,1
5.0.0.12574,7:25 PM,5/3/2016,Warlock,Defender of Argus,7,1
5.0.0.12574,7:25 PM,5/3/2016,Warlock,Infested Tauren,7,1
5.0.0.12574,7:25 PM,5/3/2016,Warlock,Lost Tallstrider,7,1
5.0.0.12574,7:25 PM,5/3/2016,Warlock,Midnight Drake,7,1
5.0.0.12574,7:25 PM,5/3/2016,Warlock,Spellbreaker,7,1
5.0.0.12574,7:25 PM,5/3/2016,Warlock,Voidcaller,7,1
5.0.0.12574,7:25 PM,5/3/2016,Warlock,Voidcaller,7,1
5.0.0.12574,7:25 PM,5/3/2016,Warlock,Fen Creeper,7,1
5.0.0.12574,7:25 PM,5/3/2016,Warlock,Mukla's Champion,7,1
5.0.0.12574,7:25 PM,5/3/2016,Warlock,Stormpike Commando,7,1
5.0.0.12574,7:25 PM,5/3/2016,Warlock,Siphon Soul,7,1
5.0.0.12574,7:25 PM,5/3/2016,Warlock,Dread Infernal,7,1
5.0.0.12574,7:25 PM,5/3/2016,Warlock,Nerubian Prophet,7,1
5.0.0.12574,7:25 PM,5/3/2016,Warlock,Reckless Rocketeer,7,1
5.0.0.12574,7:25 PM,5/3/2016,Warlock,Bog Creeper,7,1
5.0.0.12574,5:45 PM,5/4/2016,Warlock,Mortal Coil,3,1
5.0.0.12574,5:45 PM,5/4/2016,Warlock,Flame Imp,3,1
5.0.0.12574,5:45 PM,5/4/2016,Warlock,Zealous Initiate,3,1
5.0.0.12574,5:45 PM,5/4/2016,Warlock,Darkbomb,3,1
5.0.0.12574,5:45 PM,5/4/2016,Warlock,Bloodfen Raptor,3,1
5.0.0.12574,5:45 PM,5/4/2016,Warlock,Dire Wolf Alpha,3,1
5.0.0.12574,5:45 PM,5/4/2016,Warlock,Haunted Creeper,3,1
5.0.0.12574,5:45 PM,5/4/2016,Warlock,Jeweled Scarab,3,1
5.0.0.12574,5:45 PM,5/4/2016,Warlock,Micro Machine,3,1
5.0.0.12574,5:45 PM,5/4/2016,Warlock,Pint-Sized Summoner,3,1
5.0.0.12574,5:45 PM,5/4/2016,Warlock,Puddlestomper,3,1
5.0.0.12574,5:45 PM,5/4/2016,Warlock,Puddlestomper,3,1
5.0.0.12574,5:45 PM,5/4/2016,Warlock,Drain Life,3,1
5.0.0.12574,5:45 PM,5/4/2016,Warlock,Coldlight Seer,3,1
5.0.0.12574,5:45 PM,5/4/2016,Warlock,Flesheating Ghoul,3,1
5.0.0.12574,5:45 PM,5/4/2016,Warlock,Mind Control tech,3,1
5.0.0.12574,5:45 PM,5/4/2016,Warlock,Hellfire,3,1
5.0.0.12574,5:45 PM,5/4/2016,Warlock,Eater of Secrets,3,1
5.0.0.12574,5:45 PM,5/4/2016,Warlock,Infested Tauren,3,1
5.0.0.12574,5:45 PM,5/4/2016,Warlock,Piloted Shredder,3,1
5.0.0.12574,5:45 PM,5/4/2016,Warlock,Silvermoon Guardian,3,1
5.0.0.12574,5:45 PM,5/4/2016,Warlock,Darkscale Healer,3,1
5.0.0.12574,5:45 PM,5/4/2016,Warlock,Doomguard,3,1
5.0.0.12574,5:45 PM,5/4/2016,Warlock,Floating Watcher,3,1
5.0.0.12574,5:45 PM,5/4/2016,Warlock,Floating Watcher,3,1
5.0.0.12574,5:45 PM,5/4/2016,Warlock,Ancient Harbinger,3,1
5.0.0.12574,5:45 PM,5/4/2016,Warlock,Dread Infernal,3,1
5.0.0.12574,5:45 PM,5/4/2016,Warlock,Lord of the Arena,3,1
5.0.0.12574,5:45 PM,5/4/2016,Warlock,Reckless Rocketeer,3,1
5.0.0.12574,5:45 PM,5/4/2016,Warlock,Faceless Behemoth,3,1
5.0.0.12574,11:26 PM,5/4/2016,Warlock,Mortal Coil,0,1
5.0.0.12574,11:26 PM,5/4/2016,Warlock,Soulfire,0,1
5.0.0.12574,11:26 PM,5/4/2016,Warlock,Flame Imp,0,1
5.0.0.12574,11:26 PM,5/4/2016,Warlock,Flame Imp,0,1
5.0.0.12574,11:26 PM,5/4/2016,Warlock,Lowly Squire,0,1
5.0.0.12574,11:26 PM,5/4/2016,Warlock,Possessed Villager,0,1
5.0.0.12574,11:26 PM,5/4/2016,Warlock,Demonfire,0,1
5.0.0.12574,11:26 PM,5/4/2016,Warlock,Amani Berserker,0,1
5.0.0.12574,11:26 PM,5/4/2016,Warlock,Dark Peddler,0,1
5.0.0.12574,11:26 PM,5/4/2016,Warlock,Loot Hoarder,0,1
5.0.0.12574,11:26 PM,5/4/2016,Warlock,Succubus,0,1
5.0.0.12574,11:26 PM,5/4/2016,Warlock,Shadow Bolt,0,1
5.0.0.12574,11:26 PM,5/4/2016,Warlock,Dancing Swords,0,1
5.0.0.12574,11:26 PM,5/4/2016,Warlock,Jungle Panther,0,1
5.0.0.12574,11:26 PM,5/4/2016,Warlock,Mind Control tech,0,1
5.0.0.12574,11:26 PM,5/4/2016,Warlock,Questing Adventurer,0,1
5.0.0.12574,11:26 PM,5/4/2016,Warlock,Questing Adventurer,0,1
5.0.0.12574,11:26 PM,5/4/2016,Warlock,Spawn of N'Zoth,0,1
5.0.0.12574,11:26 PM,5/4/2016,Warlock,Shadowflame,0,1
5.0.0.12574,11:26 PM,5/4/2016,Warlock,Arcane Nullifier X 21,0,1
5.0.0.12574,11:26 PM,5/4/2016,Warlock,Lost Tallstrider,0,1
5.0.0.12574,11:26 PM,5/4/2016,Warlock,Silvermoon Guardian,0,1
5.0.0.12574,11:26 PM,5/4/2016,Warlock,Spellbreaker,0,1
5.0.0.12574,11:26 PM,5/4/2016,Warlock,Azure Drake,0,1
5.0.0.12574,11:26 PM,5/4/2016,Warlock,Pit Fighter,0,1
5.0.0.12574,11:26 PM,5/4/2016,Warlock,Salty Dog,0,1
5.0.0.12574,11:26 PM,5/4/2016,Warlock,Silver Hand Knight,0,1
5.0.0.12574,11:26 PM,5/4/2016,Warlock,Sludge Belcher,0,1
5.0.0.12574,11:26 PM,5/4/2016,Warlock,Lord of the Arena,0,1
5.0.0.12574,11:26 PM,5/4/2016,Warlock,Bog Creeper,0,1
5.0.0.12574,11:48 AM,5/6/2016,Warlock,Tentacle of N'Zoth,1,1
5.0.0.12574,11:48 AM,5/6/2016,Warlock,Worgen Infiltrator,1,1
5.0.0.12574,11:48 AM,5/6/2016,Warlock,Zealous Initiate,1,1
5.0.0.12574,11:48 AM,5/6/2016,Warlock,Zombie Chow,1,1
5.0.0.12574,11:48 AM,5/6/2016,Warlock,Boneguard Lieutenant,1,1
5.0.0.12574,11:48 AM,5/6/2016,Warlock,Crazed Alchemist,1,1
5.0.0.12574,11:48 AM,5/6/2016,Warlock,Dark Peddler,1,1
5.0.0.12574,11:48 AM,5/6/2016,Warlock,Huge Toad,1,1
5.0.0.12574,11:48 AM,5/6/2016,Warlock,Lance Carrier,1,1
5.0.0.12574,11:48 AM,5/6/2016,Warlock,Shadow Bolt,1,1
5.0.0.12574,11:48 AM,5/6/2016,Warlock,Harvest Golem,1,1
5.0.0.12574,11:48 AM,5/6/2016,Warlock,Questing Adventurer,1,1
5.0.0.12574,11:48 AM,5/6/2016,Warlock,Scarlet Crusader,1,1
5.0.0.12574,11:48 AM,5/6/2016,Warlock,Imp-losion,1,1
5.0.0.12574,11:48 AM,5/6/2016,Warlock,Chillwind Yeti,1,1
5.0.0.12574,11:48 AM,5/6/2016,Warlock,Defender of Argus,1,1
5.0.0.12574,11:48 AM,5/6/2016,Warlock,Eerie Statue,1,1
5.0.0.12574,11:48 AM,5/6/2016,Warlock,Ogre Magi,1,1
5.0.0.12574,11:48 AM,5/6/2016,Warlock,Ogre Magi,1,1
5.0.0.12574,11:48 AM,5/6/2016,Warlock,Chillwind Yeti,1,1
5.0.0.12574,11:48 AM,5/6/2016,Warlock,Piloted Shredder,1,1
5.0.0.12574,11:48 AM,5/6/2016,Warlock,Violet Teacher,1,1
5.0.0.12574,11:48 AM,5/6/2016,Warlock,Abomination,1,1
5.0.0.12574,11:48 AM,5/6/2016,Warlock,Silver Hand Knight,1,1
5.0.0.12574,11:48 AM,5/6/2016,Warlock,Boulderfist Ogre,1,1
5.0.0.12574,11:48 AM,5/6/2016,Warlock,Drakonid Crusher,1,1
5.0.0.12574,11:48 AM,5/6/2016,Warlock,Dread Infernal,1,1
5.0.0.12574,11:48 AM,5/6/2016,Warlock,Lord of the Arena,1,1
5.0.0.12574,11:48 AM,5/6/2016,Warlock,War Golem,1,1
5.0.0.12574,11:48 AM,5/6/2016,Warlock,Mekgineer Thermaplugg,1,1
5.0.0.12574,7:55 PM,5/8/2016,Warlock,Power Overwhelming,4,1
5.0.0.12574,7:55 PM,5/8/2016,Warlock,Soulfire,4,1
5.0.0.12574,7:55 PM,5/8/2016,Warlock,Blood Imp,4,1
5.0.0.12574,7:55 PM,5/8/2016,Warlock,Flame Imp,4,1
5.0.0.12574,7:55 PM,5/8/2016,Warlock,Possessed Villager,4,1
5.0.0.12574,7:55 PM,5/8/2016,Warlock,Possessed Villager,4,1
5.0.0.12574,7:55 PM,5/8/2016,Warlock,Possessed Villager,4,1
5.0.0.12574,7:55 PM,5/8/2016,Warlock,Soulfire,4,1
5.0.0.12574,7:55 PM,5/8/2016,Warlock,Worgen Infiltrator,4,1
5.0.0.12574,7:55 PM,5/8/2016,Warlock,Zealous Initiate,4,1
5.0.0.12574,7:55 PM,5/8/2016,Warlock,Darkbomb,4,1
5.0.0.12574,7:55 PM,5/8/2016,Warlock,Flame Juggler,4,1
5.0.0.12574,7:55 PM,5/8/2016,Warlock,Flame Juggler,4,1
5.0.0.12574,7:55 PM,5/8/2016,Warlock,Unstable Ghoul,4,1
5.0.0.12574,7:55 PM,5/8/2016,Warlock,Demonwrath,4,1
5.0.0.12574,7:55 PM,5/8/2016,Warlock,Acolyte of Pain,4,1
5.0.0.12574,7:55 PM,5/8/2016,Warlock,Darkshire Councilman,4,1
5.0.0.12574,7:55 PM,5/8/2016,Warlock,Silverback Patriarch,4,1
5.0.0.12574,7:55 PM,5/8/2016,Warlock,Thrallmar Farseer,4,1
5.0.0.12574,7:55 PM,5/8/2016,Warlock,Dark Iron Dwarf,4,1
5.0.0.12574,7:55 PM,5/8/2016,Warlock,Infested Tauren,4,1
5.0.0.12574,7:55 PM,5/8/2016,Warlock,Piloted Shredder,4,1
5.0.0.12574,7:55 PM,5/8/2016,Warlock,Pit Lord,4,1
5.0.0.12574,7:55 PM,5/8/2016,Warlock,Anubisath Sentinel,4,1
5.0.0.12574,7:55 PM,5/8/2016,Warlock,Madder Bomber,4,1
5.0.0.12574,7:55 PM,5/8/2016,Warlock,Psych-o-Tron,4,1
5.0.0.12574,7:55 PM,5/8/2016,Warlock,Frost Elemental,4,1
5.0.0.12574,7:55 PM,5/8/2016,Warlock,Wobbling Runts,4,1
5.0.0.12574,7:55 PM,5/8/2016,Warlock,Captured Jormunger,4,1
5.0.0.12574,7:55 PM,5/8/2016,Warlock,Stormwind Champion,4,1
5.0.0.12574,10:27 PM,5/16/2016,Warlock,Sacrificial Pact,3,1
5.0.0.12574,10:27 PM,5/16/2016,Warlock,Mortal Coil,3,1
5.0.0.12574,10:27 PM,5/16/2016,Warlock,Power Overwhelming,3,1
5.0.0.12574,10:27 PM,5/16/2016,Warlock,Flame Imp,3,1
5.0.0.12574,10:27 PM,5/16/2016,Warlock,Possessed Villager,3,1
5.0.0.12574,10:27 PM,5/16/2016,Warlock,Tentacle of N'Zoth,3,1
5.0.0.12574,10:27 PM,5/16/2016,Warlock,Zealous Initiate,3,1
5.0.0.12574,10:27 PM,5/16/2016,Warlock,Faerie Dragon,3,1
5.0.0.12574,10:27 PM,5/16/2016,Warlock,Faerie Dragon,3,1
5.0.0.12574,10:27 PM,5/16/2016,Warlock,Huge Toad,3,1
5.0.0.12574,10:27 PM,5/16/2016,Warlock,Loot Hoarder,3,1
5.0.0.12574,10:27 PM,5/16/2016,Warlock,Succubus,3,1
5.0.0.12574,10:27 PM,5/16/2016,Warlock,Succubus,3,1
5.0.0.12574,10:27 PM,5/16/2016,Warlock,Spreading Madness,3,1
5.0.0.12574,10:27 PM,5/16/2016,Warlock,Flesheating Ghoul,3,1
5.0.0.12574,10:27 PM,5/16/2016,Warlock,Imp Gang Boss,3,1
5.0.0.12574,10:27 PM,5/16/2016,Warlock,Fist of Jaraxxus,3,1
5.0.0.12574,10:27 PM,5/16/2016,Warlock,Chillwind Yeti,3,1
5.0.0.12574,10:27 PM,5/16/2016,Warlock,Elise Starseeker,3,1
5.0.0.12574,10:27 PM,5/16/2016,Warlock,Gorillabot A-3,3,1
5.0.0.12574,10:27 PM,5/16/2016,Warlock,Infested Tauren,3,1
5.0.0.12574,10:27 PM,5/16/2016,Warlock,Floating Watcher,3,1
5.0.0.12574,10:27 PM,5/16/2016,Warlock,Grim Patron,3,1
5.0.0.12574,10:27 PM,5/16/2016,Warlock,Madder Bomber,3,1
5.0.0.12574,10:27 PM,5/16/2016,Warlock,Mukla's Champion,3,1
5.0.0.12574,10:27 PM,5/16/2016,Warlock,Sludge Belcher,3,1
5.0.0.12574,10:27 PM,5/16/2016,Warlock,Bog Creeper,3,1
5.0.0.12574,10:27 PM,5/16/2016,Warlock,War Golem,3,1
5.0.0.12574,10:27 PM,5/16/2016,Warlock,Force-Tank MAX,3,1
5.0.0.12574,10:27 PM,5/16/2016,Warlock,Force-Tank MAX,3,1
5.0.0.12574,5:24 PM,5/18/2016,Rogue,Backstab,4,1
5.0.0.12574,5:24 PM,5/18/2016,Rogue,Deadly Poison,4,1
5.0.0.12574,5:24 PM,5/18/2016,Rogue,Buccaneer,4,1
5.0.0.12574,5:24 PM,5/18/2016,Rogue,Injured Kvaldir,4,1
5.0.0.12574,5:24 PM,5/18/2016,Rogue,Murloc Raider,4,1
5.0.0.12574,5:24 PM,5/18/2016,Rogue,Eviscerate,4,1
5.0.0.12574,5:24 PM,5/18/2016,Rogue,Shiv,4,1
5.0.0.12574,5:24 PM,5/18/2016,Rogue,Bloodsail Raider,4,1
5.0.0.12574,5:24 PM,5/18/2016,Rogue,Bloodsail Raider,4,1
5.0.0.12574,5:24 PM,5/18/2016,Rogue,Puddlestomper,4,1
5.0.0.12574,5:24 PM,5/18/2016,Rogue,Ship's Cannon,4,1
5.0.0.12574,5:24 PM,5/18/2016,Rogue,Harvest Golem,4,1
5.0.0.12574,5:24 PM,5/18/2016,Rogue,Mind Control tech,4,1
5.0.0.12574,5:24 PM,5/18/2016,Rogue,Raging Worgen,4,1
5.0.0.12574,5:24 PM,5/18/2016,Rogue,Spider Tank,4,1
5.0.0.12574,5:24 PM,5/18/2016,Rogue,Spider Tank,4,1
5.0.0.12574,5:24 PM,5/18/2016,Rogue,Tinker's Sharpsword Oil,4,1
5.0.0.12574,5:24 PM,5/18/2016,Rogue,Chillwind Yeti,4,1
5.0.0.12574,5:24 PM,5/18/2016,Rogue,Dark Iron Dwarf,4,1
5.0.0.12574,5:24 PM,5/18/2016,Rogue,Dread Corsair,4,1
5.0.0.12574,5:24 PM,5/18/2016,Rogue,Jeeves,4,1
5.0.0.12574,5:24 PM,5/18/2016,Rogue,Assassin's Blade,4,1
5.0.0.12574,5:24 PM,5/18/2016,Rogue,Dark Iron Skulker,4,1
5.0.0.12574,5:24 PM,5/18/2016,Rogue,Madder Bomber,4,1
5.0.0.12574,5:24 PM,5/18/2016,Rogue,Mukla's Champion,4,1
5.0.0.12574,5:24 PM,5/18/2016,Rogue,Shado-Pan Rider,4,1
5.0.0.12574,5:24 PM,5/18/2016,Rogue,Boulderfist Ogre,4,1
5.0.0.12574,5:24 PM,5/18/2016,Rogue,Lord of the Arena,4,1
5.0.0.12574,5:24 PM,5/18/2016,Rogue,Bog Creeper,4,1
5.0.0.12574,5:24 PM,5/18/2016,Rogue,Alexstrasza,4,1
5.0.0.12574,6:34 PM,5/19/2016,Warlock,Sacrificial Pact,3,1
5.0.0.12574,6:34 PM,5/19/2016,Warlock,Soulfire,3,1
5.0.0.12574,6:34 PM,5/19/2016,Warlock,Flame Imp,3,1
5.0.0.12574,6:34 PM,5/19/2016,Warlock,Lowly Squire,3,1
5.0.0.12574,6:34 PM,5/19/2016,Warlock,Possessed Villager,3,1
5.0.0.12574,6:34 PM,5/19/2016,Warlock,Darkbomb,3,1
5.0.0.12574,6:34 PM,5/19/2016,Warlock,Bilefin Tidehunter,3,1
5.0.0.12574,6:34 PM,5/19/2016,Warlock,Crazed Alchemist,3,1
5.0.0.12574,6:34 PM,5/19/2016,Warlock,Dark Peddler,3,1
5.0.0.12574,6:34 PM,5/19/2016,Warlock,Haunted Creeper,3,1
5.0.0.12574,6:34 PM,5/19/2016,Warlock,Huge Toad,3,1
5.0.0.12574,6:34 PM,5/19/2016,Warlock,Demonwrath,3,1
5.0.0.12574,6:34 PM,5/19/2016,Warlock,Ironfur Grizzly,3,1
5.0.0.12574,6:34 PM,5/19/2016,Warlock,Mind Control tech,3,1
5.0.0.12574,6:34 PM,5/19/2016,Warlock,Squirming Tentacle,3,1
5.0.0.12574,6:34 PM,5/19/2016,Warlock,Wolfrider,3,1
5.0.0.12574,6:34 PM,5/19/2016,Warlock,Hellfire,3,1
5.0.0.12574,6:34 PM,5/19/2016,Warlock,Aberrant Berserker,3,1
5.0.0.12574,6:34 PM,5/19/2016,Warlock,Ancient Shade,3,1
5.0.0.12574,6:34 PM,5/19/2016,Warlock,Armored Warhorse,3,1
5.0.0.12574,6:34 PM,5/19/2016,Warlock,Violet Teacher,3,1
5.0.0.12574,6:34 PM,5/19/2016,Warlock,Grim Patron,3,1
5.0.0.12574,6:34 PM,5/19/2016,Warlock,Gurubashi Berserker,3,1
5.0.0.12574,6:34 PM,5/19/2016,Warlock,Mukla's Champion,3,1
5.0.0.12574,6:34 PM,5/19/2016,Warlock,Mukla's Champion,3,1
5.0.0.12574,6:34 PM,5/19/2016,Warlock,Silver Hand Knight,3,1
5.0.0.12574,6:34 PM,5/19/2016,Warlock,Dread Infernal,3,1
5.0.0.12574,6:34 PM,5/19/2016,Warlock,Lord of the Arena,3,1
5.0.0.12574,6:34 PM,5/19/2016,Warlock,Lord of the Arena,3,1
5.0.0.12574,6:34 PM,5/19/2016,Warlock,Windfury Harpy,3,1
5.0.0.12574,9:02 PM,5/19/2016,Warlock,Mortal Coil,12,101
5.0.0.12574,9:02 PM,5/19/2016,Warlock,Abusive Sergeant,12,101
5.0.0.12574,9:02 PM,5/19/2016,Warlock,Possessed Villager,12,101
5.0.0.12574,9:02 PM,5/19/2016,Warlock,Darkshire Librarian,12,101
5.0.0.12574,9:02 PM,5/19/2016,Warlock,Faerie Dragon,12,101
5.0.0.12574,9:02 PM,5/19/2016,Warlock,Recombobulator,12,101
5.0.0.12574,9:02 PM,5/19/2016,Warlock,Twisted Worgen,12,101
5.0.0.12574,9:02 PM,5/19/2016,Warlock,Drain Life,12,101
5.0.0.12574,9:02 PM,5/19/2016,Warlock,Darkshire Councilman,12,101
5.0.0.12574,9:02 PM,5/19/2016,Warlock,Darkshire Councilman,12,101
5.0.0.12574,9:02 PM,5/19/2016,Warlock,Harvest Golem,12,101
5.0.0.12574,9:02 PM,5/19/2016,Warlock,Raid Leader,12,101
5.0.0.12574,9:02 PM,5/19/2016,Warlock,Squirming Tentacle,12,101
5.0.0.12574,9:02 PM,5/19/2016,Warlock,Void Terror,12,101
5.0.0.12574,9:02 PM,5/19/2016,Warlock,Hellfire,12,101
5.0.0.12574,9:02 PM,5/19/2016,Warlock,Chillwind Yeti,12,101
5.0.0.12574,9:02 PM,5/19/2016,Warlock,Dark Iron Dwarf,12,101
5.0.0.12574,9:02 PM,5/19/2016,Warlock,Refreshment Vendor,12,101
5.0.0.12574,9:02 PM,5/19/2016,Warlock,Bomb Lobber,12,101
5.0.0.12574,9:02 PM,5/19/2016,Warlock,Darkscale Healer,12,101
5.0.0.12574,9:02 PM,5/19/2016,Warlock,Mukla's Champion,12,101
5.0.0.12574,9:02 PM,5/19/2016,Warlock,Silver Hand Knight,12,101
5.0.0.12574,9:02 PM,5/19/2016,Warlock,Siphon Soul,12,101
5.0.0.12574,9:02 PM,5/19/2016,Warlock,Nerubian Prophet,12,101
5.0.0.12574,9:02 PM,5/19/2016,Warlock,Sunwalker,12,101
5.0.0.12574,9:02 PM,5/19/2016,Warlock,Twisted Worgen,12,101
5.0.0.12574,9:02 PM,5/19/2016,Warlock,Darkshire Councilman,12,101
5.0.0.12574,9:02 PM,5/19/2016,Warlock,Silver Hand Knight,12,101
5.0.0.12574,9:02 PM,5/19/2016,Warlock,Bomb Lobber,12,101
5.0.0.12574,9:02 PM,5/19/2016,Warlock,Possessed Villager,12,101
5.0.0.12574,11:15 PM,5/19/2016,Rogue,Buccaneer,12,101
5.0.0.12574,11:15 PM,5/19/2016,Rogue,Eviscerate,12,101
5.0.0.12574,11:15 PM,5/19/2016,Rogue,Acidic Swamp Ooze,12,101
5.0.0.12574,11:15 PM,5/19/2016,Rogue,Bilefin Tidehunter,12,101
5.0.0.12574,11:15 PM,5/19/2016,Rogue,Goblin Auto-Barber,12,101
5.0.0.12574,11:15 PM,5/19/2016,Rogue,Mad Bomber,12,101
5.0.0.12574,11:15 PM,5/19/2016,Rogue,Burgle,12,101
5.0.0.12574,11:15 PM,5/19/2016,Rogue,Ogre Brute,12,101
5.0.0.12574,11:15 PM,5/19/2016,Rogue,Scarlet Crusader,12,101
5.0.0.12574,11:15 PM,5/19/2016,Rogue,Tinkertown Technician,12,101
5.0.0.12574,11:15 PM,5/19/2016,Rogue,Tinker's Sharpsword Oil,12,101
5.0.0.12574,11:15 PM,5/19/2016,Rogue,Ancient Brewmaster,12,101
5.0.0.12574,11:15 PM,5/19/2016,Rogue,Dark Iron Dwarf,12,101
5.0.0.12574,11:15 PM,5/19/2016,Rogue,Dark Iron Dwarf,12,101
5.0.0.12574,11:15 PM,5/19/2016,Rogue,Piloted Shredder,12,101
5.0.0.12574,11:15 PM,5/19/2016,Rogue,Assassinate,12,101
5.0.0.12574,11:15 PM,5/19/2016,Rogue,Antique Healbot,12,101
5.0.0.12574,11:15 PM,5/19/2016,Rogue,Corrupted Healbot,12,101
5.0.0.12574,11:15 PM,5/19/2016,Rogue,Dark Iron Skulker,12,101
5.0.0.12574,11:15 PM,5/19/2016,Rogue,Shado-Pan Rider,12,101
5.0.0.12574,11:15 PM,5/19/2016,Rogue,Shadowcaster,12,101
5.0.0.12574,11:15 PM,5/19/2016,Rogue,Nerubian Prophet,12,101
5.0.0.12574,11:15 PM,5/19/2016,Rogue,Piloted Sky Golem,12,101
5.0.0.12574,11:15 PM,5/19/2016,Rogue,Scaled Nightmare,12,101
5.0.0.12574,11:15 PM,5/19/2016,Rogue,Sunwalker,12,101
5.0.0.12574,11:15 PM,5/19/2016,Rogue,Trade Prince Gallywix,12,101
5.0.0.12574,11:15 PM,5/19/2016,Rogue,Bog Creeper,12,101
5.0.0.12574,11:15 PM,5/19/2016,Rogue,Bog Creeper,12,101
5.0.0.12574,11:15 PM,5/19/2016,Rogue,Bog Creeper,12,101
5.0.0.12574,11:15 PM,5/19/2016,Rogue,Stormwind Champion,12,101
5.0.0.12574,10:33 PM,5/19/2016,Mage,Forbidden Flame,3,1
5.0.0.12574,10:33 PM,5/19/2016,Mage,Ice Lance,3,1
5.0.0.12574,10:33 PM,5/19/2016,Mage,Worgen Infiltrator,3,1
5.0.0.12574,10:33 PM,5/19/2016,Mage,Worgen Infiltrator,3,1
5.0.0.12574,10:33 PM,5/19/2016,Mage,Arcane Explosion,3,1
5.0.0.12574,10:33 PM,5/19/2016,Mage,Flamecannon,3,1
5.0.0.12574,10:33 PM,5/19/2016,Mage,Frostbolt,3,1
5.0.0.12574,10:33 PM,5/19/2016,Mage,Frostwolf Grunt,3,1
5.0.0.12574,10:33 PM,5/19/2016,Mage,Kobold Geomancer,3,1
5.0.0.12574,10:33 PM,5/19/2016,Mage,Loot Hoarder,3,1
5.0.0.12574,10:33 PM,5/19/2016,Mage,Snowchugger,3,1
5.0.0.12574,10:33 PM,5/19/2016,Mage,Wild Pyromancer,3,1
5.0.0.12574,10:33 PM,5/19/2016,Mage,Frost Nova,3,1
5.0.0.12574,10:33 PM,5/19/2016,Mage,Flesheating Ghoul,3,1
5.0.0.12574,10:33 PM,5/19/2016,Mage,Ironfur Grizzly,3,1
5.0.0.12574,10:33 PM,5/19/2016,Mage,Scarlet Crusader,3,1
5.0.0.12574,10:33 PM,5/19/2016,Mage,Polymorph,3,1
5.0.0.12574,10:33 PM,5/19/2016,Mage,Dalaran Aspirant,3,1
5.0.0.12574,10:33 PM,5/19/2016,Mage,Dark Iron Dwarf,3,1
5.0.0.12574,10:33 PM,5/19/2016,Mage,Water Elemental,3,1
5.0.0.12574,10:33 PM,5/19/2016,Mage,Flame Lance,3,1
5.0.0.12574,10:33 PM,5/19/2016,Mage,Azure Drake,3,1
5.0.0.12574,10:33 PM,5/19/2016,Mage,Spectral Knight,3,1
5.0.0.12574,10:33 PM,5/19/2016,Mage,Venture Co. Mercenary,3,1
5.0.0.12574,10:33 PM,5/19/2016,Mage,Corrupted Seer,3,1
5.0.0.12574,10:33 PM,5/19/2016,Mage,Frost Elemental,3,1
5.0.0.12574,10:33 PM,5/19/2016,Mage,Gadgetzan Auctioneer,3,1
5.0.0.12574,10:33 PM,5/19/2016,Mage,Sunwalker,3,1
5.0.0.12574,10:33 PM,5/19/2016,Mage,Flamestrike,3,1
5.0.0.12574,10:33 PM,5/19/2016,Mage,Archmage Antonidas,3,1